"Barangay 1, Caloocan"
"Barangay 10, Caloocan"
"Barangay 100, Caloocan"
"Barangay 101, Caloocan"
"Barangay 102, Caloocan"
"Barangay 103, Caloocan"
"Barangay 104, Caloocan"
"Barangay 105, Caloocan"
"Barangay 106, Caloocan"
"Barangay 107, Caloocan"
"Barangay 108, Caloocan"
"Barangay 109, Caloocan"
"Barangay 11, Caloocan"
"Barangay 110, Caloocan"
"Barangay 111, Caloocan"
"Barangay 112, Caloocan"
"Barangay 113, Caloocan"
"Barangay 114, Caloocan"
"Barangay 115, Caloocan"
"Barangay 116, Caloocan"
"Barangay 117, Caloocan"
"Barangay 118, Caloocan"
"Barangay 119, Caloocan"
"Barangay 12, Caloocan"
"Barangay 120, Caloocan"
"Barangay 121, Caloocan"
"Barangay 122, Caloocan"
"Barangay 123, Caloocan"
"Barangay 124, Caloocan"
"Barangay 125, Caloocan"
"Barangay 126, Caloocan"
"Barangay 127, Caloocan"
"Barangay 128, Caloocan"
"Barangay 129, Caloocan"
"Barangay 13, Caloocan"
"Barangay 130, Caloocan"
"Barangay 131, Caloocan"
"Barangay 132, Caloocan"
"Barangay 133, Caloocan"
"Barangay 134, Caloocan"
"Barangay 135, Caloocan"
"Barangay 136, Caloocan"
"Barangay 137, Caloocan"
"Barangay 138, Caloocan"
"Barangay 139, Caloocan"
"Barangay 14, Caloocan"
"Barangay 140, Caloocan"
"Barangay 141, Caloocan"
"Barangay 142, Caloocan"
"Barangay 143, Caloocan"
"Barangay 144, Caloocan"
"Barangay 145, Caloocan"
"Barangay 146, Caloocan"
"Barangay 147, Caloocan"
"Barangay 148, Caloocan"
"Barangay 149, Caloocan"
"Barangay 15, Caloocan"
"Barangay 150, Caloocan"
"Barangay 151, Caloocan"
"Barangay 152, Caloocan"
"Barangay 153, Caloocan"
"Barangay 154, Caloocan"
"Barangay 155, Caloocan"
"Barangay 156, Caloocan"
"Barangay 157, Caloocan"
"Barangay 158, Caloocan"
"Barangay 159, Caloocan"
"Barangay 16, Caloocan"
"Barangay 160, Caloocan"
"Barangay 161, Caloocan"
"Barangay 162, Caloocan"
"Barangay 163, Caloocan"
"Barangay 164, Caloocan"
"Barangay 165, Caloocan"
"Barangay 166, Caloocan"
"Barangay 167, Caloocan"
"Barangay 168, Caloocan"
"Barangay 169, Caloocan"
"Barangay 17, Caloocan"
"Barangay 170, Caloocan"
"Barangay 171, Caloocan"
"Barangay 172, Caloocan"
"Barangay 173, Caloocan"
"Barangay 174, Caloocan"
"Barangay 175, Caloocan"
"Barangay 176, Caloocan"
"Barangay 177, Caloocan"
"Barangay 178, Caloocan"
"Barangay 179, Caloocan"
"Barangay 18, Caloocan"
"Barangay 180, Caloocan"
"Barangay 181, Caloocan"
"Barangay 182, Caloocan"
"Barangay 183, Caloocan"
"Barangay 184, Caloocan"
"Barangay 185, Caloocan"
"Barangay 186, Caloocan"
"Barangay 187, Caloocan"
"Barangay 188, Caloocan"
"Barangay 19, Caloocan"
"Barangay 2, Caloocan"
"Barangay 20, Caloocan"
"Barangay 21, Caloocan"
"Barangay 22, Caloocan"
"Barangay 23, Caloocan"
"Barangay 24, Caloocan"
"Barangay 25, Caloocan"
"Barangay 26, Caloocan"
"Barangay 27, Caloocan"
"Barangay 28, Caloocan"
"Barangay 29, Caloocan"
"Barangay 3, Caloocan"
"Barangay 30, Caloocan"
"Barangay 31, Caloocan"
"Barangay 32, Caloocan"
"Barangay 33, Caloocan"
"Barangay 34, Caloocan"
"Barangay 35, Caloocan"
"Barangay 36, Caloocan"
"Barangay 37, Caloocan"
"Barangay 38, Caloocan"
"Barangay 39, Caloocan"
"Barangay 4, Caloocan"
"Barangay 40, Caloocan"
"Barangay 41, Caloocan"
"Barangay 42, Caloocan"
"Barangay 43, Caloocan"
"Barangay 44, Caloocan"
"Barangay 45, Caloocan"
"Barangay 46, Caloocan"
"Barangay 47, Caloocan"
"Barangay 48, Caloocan"
"Barangay 49, Caloocan"
"Barangay 5, Caloocan"
"Barangay 50, Caloocan"
"Barangay 51, Caloocan"
"Barangay 52, Caloocan"
"Barangay 53, Caloocan"
"Barangay 54, Caloocan"
"Barangay 55, Caloocan"
"Barangay 56, Caloocan"
"Barangay 57, Caloocan"
"Barangay 58, Caloocan"
"Barangay 59, Caloocan"
"Barangay 6, Caloocan"
"Barangay 60, Caloocan"
"Barangay 61, Caloocan"
"Barangay 62, Caloocan"
"Barangay 63, Caloocan"
"Barangay 64, Caloocan"
"Barangay 65, Caloocan"
"Barangay 66, Caloocan"
"Barangay 67, Caloocan"
"Barangay 68, Caloocan"
"Barangay 69, Caloocan"
"Barangay 7, Caloocan"
"Barangay 70, Caloocan"
"Barangay 71, Caloocan"
"Barangay 72, Caloocan"
"Barangay 73, Caloocan"
"Barangay 74, Caloocan"
"Barangay 75, Caloocan"
"Barangay 76, Caloocan"
"Barangay 77, Caloocan"
"Barangay 78, Caloocan"
"Barangay 79, Caloocan"
"Barangay 8, Caloocan"
"Barangay 80, Caloocan"
"Barangay 81, Caloocan"
"Barangay 82, Caloocan"
"Barangay 83, Caloocan"
"Barangay 84, Caloocan"
"Barangay 85, Caloocan"
"Barangay 86, Caloocan"
"Barangay 87, Caloocan"
"Barangay 88, Caloocan"
"Barangay 89, Caloocan"
"Barangay 9, Caloocan"
"Barangay 90, Caloocan"
"Barangay 91, Caloocan"
"Barangay 92, Caloocan"
"Barangay 93, Caloocan"
"Barangay 94, Caloocan"
"Barangay 95, Caloocan"
"Barangay 96, Caloocan"
"Barangay 97, Caloocan"
"Barangay 98, Caloocan"
"Barangay 99, Caloocan"
"Almanza Dos, Las Piñas"
"Almanza Uno, Las Piñas"
"B. F. International Village, Las Piñas"
"Daniel Fajardo, Las Piñas"
"Elias Aldana, Las Piñas"
"Ilaya, Las Piñas"
"Manuyo Dos, Las Piñas"
"Manuyo Uno, Las Piñas"
"Pamplona Dos, Las Piñas"
"Pamplona Tres, Las Piñas"
"Pamplona Uno, Las Piñas"
"Pilar, Las Piñas"
"Pulang Lupa Dos, Las Piñas"
"Pulang Lupa Uno, Las Piñas"
"Talon Dos, Las Piñas"
"Talon Kuatro, Las Piñas"
"Talon Singko, Las Piñas"
"Talon Tres, Las Piñas"
"Talon Uno, Las Piñas"
"Zapote, Las Piñas"
"Bangkal, Makati"
"Bel-Air, Makati"
"Carmona, Makati"
"Cembo, Makati"
"Comembo, Makati"
"Dasmariñas, Makati"
"East Rembo, Makati"
"Forbes Park, Makati"
"Guadalupe Nuevo, Makati"
"Guadalupe Viejo, Makati"
"Kasilawan, Makati"
"La Paz, Makati"
"Magallanes, Makati"
"Olympia, Makati"
"Palanan, Makati"
"Pembo, Makati"
"Pinagkaisahan, Makati"
"Pio del Pilar, Makati"
"Pitogo, Makati"
"Poblacion, Makati"
"Post Proper Northside, Makati"
"Post Proper Southside, Makati"
"Rizal, Makati"
"San Antonio, Makati"
"San Isidro, Makati"
"San Lorenzo, Makati"
"Santa Cruz, Makati"
"Singkamas, Makati"
"South Cembo, Makati"
"Tejeros, Makati"
"Urdaneta, Makati"
"Valenzuela, Makati"
"West Rembo, Makati"
"Acacia, Malabon"
"Baritan, Malabon"
"Bayan-bayanan, Malabon"
"Catmon, Malabon"
"Concepcion, Malabon"
"Dampalit, Malabon"
"Flores, Malabon"
"Hulong Duhat, Malabon"
"Ibaba, Malabon"
"Longos, Malabon"
"Maysilo, Malabon"
"Muzon, Malabon"
"Niugan, Malabon"
"Panghulo, Malabon"
"Potrero, Malabon"
"San Agustin, Malabon"
"Santolan, Malabon"
"Tañong, Malabon"
"Tinajeros, Malabon"
"Tonsuya, Malabon"
"Tugatog, Malabon"
"Addition Hills, Mandaluyong"
"Bagong Silang, Mandaluyong"
"Barangka Drive, Mandaluyong"
"Barangka Ibaba, Mandaluyong"
"Barangka Ilaya, Mandaluyong"
"Barangka Itaas, Mandaluyong"
"Buayang Bato, Mandaluyong"
"Burol, Mandaluyong"
"Daang Bakal, Mandaluyong"
"Hagdang Bato Itaas, Mandaluyong"
"Hagdang Bato Libis, Mandaluyong"
"Harapin Ang Bukas, Mandaluyong"
"Highway Hills, Mandaluyong"
"Hulo, Mandaluyong"
"Mabini-J. Rizal, Mandaluyong"
"Malamig, Mandaluyong"
"Mauway, Mandaluyong"
"Namayan, Mandaluyong"
"New Zañiga, Mandaluyong"
"Old Zañiga, Mandaluyong"
"Pag-asa, Mandaluyong"
"Plainview, Mandaluyong"
"Pleasant Hills, Mandaluyong"
"Poblacion, Mandaluyong"
"San Jose, Mandaluyong"
"Vergara, Mandaluyong"
"Wack-wack Greenhills, Mandaluyong"
"Barangay 1, Manila"
"Barangay 10, Manila"
"Barangay 100, Manila"
"Barangay 101, Manila"
"Barangay 102, Manila"
"Barangay 103, Manila"
"Barangay 104, Manila"
"Barangay 105, Manila"
"Barangay 106, Manila"
"Barangay 107, Manila"
"Barangay 108, Manila"
"Barangay 109, Manila"
"Barangay 11, Manila"
"Barangay 110, Manila"
"Barangay 111, Manila"
"Barangay 112, Manila"
"Barangay 116, Manila"
"Barangay 117, Manila"
"Barangay 118, Manila"
"Barangay 119, Manila"
"Barangay 12, Manila"
"Barangay 120, Manila"
"Barangay 121, Manila"
"Barangay 122, Manila"
"Barangay 123, Manila"
"Barangay 124, Manila"
"Barangay 125, Manila"
"Barangay 126, Manila"
"Barangay 127, Manila"
"Barangay 128, Manila"
"Barangay 129, Manila"
"Barangay 13, Manila"
"Barangay 130, Manila"
"Barangay 131, Manila"
"Barangay 132, Manila"
"Barangay 133, Manila"
"Barangay 134, Manila"
"Barangay 135, Manila"
"Barangay 136, Manila"
"Barangay 137, Manila"
"Barangay 138, Manila"
"Barangay 139, Manila"
"Barangay 14, Manila"
"Barangay 140, Manila"
"Barangay 141, Manila"
"Barangay 142, Manila"
"Barangay 143, Manila"
"Barangay 144, Manila"
"Barangay 145, Manila"
"Barangay 146, Manila"
"Barangay 147, Manila"
"Barangay 148, Manila"
"Barangay 149, Manila"
"Barangay 15, Manila"
"Barangay 150, Manila"
"Barangay 151, Manila"
"Barangay 152, Manila"
"Barangay 153, Manila"
"Barangay 154, Manila"
"Barangay 155, Manila"
"Barangay 156, Manila"
"Barangay 157, Manila"
"Barangay 158, Manila"
"Barangay 159, Manila"
"Barangay 16, Manila"
"Barangay 160, Manila"
"Barangay 161, Manila"
"Barangay 162, Manila"
"Barangay 163, Manila"
"Barangay 164, Manila"
"Barangay 165, Manila"
"Barangay 166, Manila"
"Barangay 167, Manila"
"Barangay 168, Manila"
"Barangay 169, Manila"
"Barangay 17, Manila"
"Barangay 170, Manila"
"Barangay 171, Manila"
"Barangay 172, Manila"
"Barangay 173, Manila"
"Barangay 174, Manila"
"Barangay 175, Manila"
"Barangay 176, Manila"
"Barangay 177, Manila"
"Barangay 178, Manila"
"Barangay 179, Manila"
"Barangay 18, Manila"
"Barangay 180, Manila"
"Barangay 181, Manila"
"Barangay 182, Manila"
"Barangay 183, Manila"
"Barangay 184, Manila"
"Barangay 185, Manila"
"Barangay 186, Manila"
"Barangay 187, Manila"
"Barangay 188, Manila"
"Barangay 189, Manila"
"Barangay 19, Manila"
"Barangay 190, Manila"
"Barangay 191, Manila"
"Barangay 192, Manila"
"Barangay 193, Manila"
"Barangay 194, Manila"
"Barangay 195, Manila"
"Barangay 196, Manila"
"Barangay 197, Manila"
"Barangay 198, Manila"
"Barangay 199, Manila"
"Barangay 2, Manila"
"Barangay 20, Manila"
"Barangay 200, Manila"
"Barangay 201, Manila"
"Barangay 202, Manila"
"Barangay 202-A, Manila"
"Barangay 203, Manila"
"Barangay 204, Manila"
"Barangay 205, Manila"
"Barangay 206, Manila"
"Barangay 207, Manila"
"Barangay 208, Manila"
"Barangay 209, Manila"
"Barangay 210, Manila"
"Barangay 211, Manila"
"Barangay 212, Manila"
"Barangay 213, Manila"
"Barangay 214, Manila"
"Barangay 215, Manila"
"Barangay 216, Manila"
"Barangay 217, Manila"
"Barangay 218, Manila"
"Barangay 219, Manila"
"Barangay 220, Manila"
"Barangay 221, Manila"
"Barangay 222, Manila"
"Barangay 223, Manila"
"Barangay 224, Manila"
"Barangay 225, Manila"
"Barangay 226, Manila"
"Barangay 227, Manila"
"Barangay 228, Manila"
"Barangay 229, Manila"
"Barangay 230, Manila"
"Barangay 231, Manila"
"Barangay 232, Manila"
"Barangay 233, Manila"
"Barangay 234, Manila"
"Barangay 235, Manila"
"Barangay 236, Manila"
"Barangay 237, Manila"
"Barangay 238, Manila"
"Barangay 239, Manila"
"Barangay 240, Manila"
"Barangay 241, Manila"
"Barangay 242, Manila"
"Barangay 243, Manila"
"Barangay 244, Manila"
"Barangay 245, Manila"
"Barangay 246, Manila"
"Barangay 247, Manila"
"Barangay 248, Manila"
"Barangay 249, Manila"
"Barangay 25, Manila"
"Barangay 250, Manila"
"Barangay 251, Manila"
"Barangay 252, Manila"
"Barangay 253, Manila"
"Barangay 254, Manila"
"Barangay 255, Manila"
"Barangay 256, Manila"
"Barangay 257, Manila"
"Barangay 258, Manila"
"Barangay 259, Manila"
"Barangay 26, Manila"
"Barangay 260, Manila"
"Barangay 261, Manila"
"Barangay 262, Manila"
"Barangay 263, Manila"
"Barangay 264, Manila"
"Barangay 265, Manila"
"Barangay 266, Manila"
"Barangay 267, Manila"
"Barangay 268, Manila"
"Barangay 269, Manila"
"Barangay 270, Manila"
"Barangay 271, Manila"
"Barangay 272, Manila"
"Barangay 273, Manila"
"Barangay 274, Manila"
"Barangay 275, Manila"
"Barangay 276, Manila"
"Barangay 28, Manila"
"Barangay 281, Manila"
"Barangay 282, Manila"
"Barangay 283, Manila"
"Barangay 284, Manila"
"Barangay 285, Manila"
"Barangay 286, Manila"
"Barangay 287, Manila"
"Barangay 288, Manila"
"Barangay 289, Manila"
"Barangay 29, Manila"
"Barangay 290, Manila"
"Barangay 291, Manila"
"Barangay 292, Manila"
"Barangay 293, Manila"
"Barangay 294, Manila"
"Barangay 295, Manila"
"Barangay 296, Manila"
"Barangay 297, Manila"
"Barangay 298, Manila"
"Barangay 299, Manila"
"Barangay 3, Manila"
"Barangay 30, Manila"
"Barangay 300, Manila"
"Barangay 301, Manila"
"Barangay 302, Manila"
"Barangay 303, Manila"
"Barangay 304, Manila"
"Barangay 305, Manila"
"Barangay 306, Manila"
"Barangay 307, Manila"
"Barangay 308, Manila"
"Barangay 309, Manila"
"Barangay 31, Manila"
"Barangay 310, Manila"
"Barangay 311, Manila"
"Barangay 312, Manila"
"Barangay 313, Manila"
"Barangay 314, Manila"
"Barangay 315, Manila"
"Barangay 316, Manila"
"Barangay 317, Manila"
"Barangay 318, Manila"
"Barangay 319, Manila"
"Barangay 32, Manila"
"Barangay 320, Manila"
"Barangay 321, Manila"
"Barangay 322, Manila"
"Barangay 323, Manila"
"Barangay 324, Manila"
"Barangay 325, Manila"
"Barangay 326, Manila"
"Barangay 327, Manila"
"Barangay 328, Manila"
"Barangay 329, Manila"
"Barangay 33, Manila"
"Barangay 330, Manila"
"Barangay 331, Manila"
"Barangay 332, Manila"
"Barangay 333, Manila"
"Barangay 334, Manila"
"Barangay 335, Manila"
"Barangay 336, Manila"
"Barangay 337, Manila"
"Barangay 338, Manila"
"Barangay 339, Manila"
"Barangay 34, Manila"
"Barangay 340, Manila"
"Barangay 341, Manila"
"Barangay 342, Manila"
"Barangay 343, Manila"
"Barangay 344, Manila"
"Barangay 345, Manila"
"Barangay 346, Manila"
"Barangay 347, Manila"
"Barangay 348, Manila"
"Barangay 349, Manila"
"Barangay 35, Manila"
"Barangay 350, Manila"
"Barangay 351, Manila"
"Barangay 352, Manila"
"Barangay 353, Manila"
"Barangay 354, Manila"
"Barangay 355, Manila"
"Barangay 356, Manila"
"Barangay 357, Manila"
"Barangay 358, Manila"
"Barangay 359, Manila"
"Barangay 36, Manila"
"Barangay 360, Manila"
"Barangay 361, Manila"
"Barangay 362, Manila"
"Barangay 363, Manila"
"Barangay 364, Manila"
"Barangay 365, Manila"
"Barangay 366, Manila"
"Barangay 367, Manila"
"Barangay 368, Manila"
"Barangay 369, Manila"
"Barangay 37, Manila"
"Barangay 370, Manila"
"Barangay 371, Manila"
"Barangay 372, Manila"
"Barangay 373, Manila"
"Barangay 374, Manila"
"Barangay 375, Manila"
"Barangay 376, Manila"
"Barangay 377, Manila"
"Barangay 378, Manila"
"Barangay 379, Manila"
"Barangay 38, Manila"
"Barangay 380, Manila"
"Barangay 381, Manila"
"Barangay 382, Manila"
"Barangay 383, Manila"
"Barangay 384, Manila"
"Barangay 385, Manila"
"Barangay 386, Manila"
"Barangay 387, Manila"
"Barangay 388, Manila"
"Barangay 389, Manila"
"Barangay 39, Manila"
"Barangay 390, Manila"
"Barangay 391, Manila"
"Barangay 392, Manila"
"Barangay 393, Manila"
"Barangay 394, Manila"
"Barangay 395, Manila"
"Barangay 396, Manila"
"Barangay 397, Manila"
"Barangay 398, Manila"
"Barangay 399, Manila"
"Barangay 4, Manila"
"Barangay 400, Manila"
"Barangay 401, Manila"
"Barangay 402, Manila"
"Barangay 403, Manila"
"Barangay 404, Manila"
"Barangay 405, Manila"
"Barangay 406, Manila"
"Barangay 407, Manila"
"Barangay 408, Manila"
"Barangay 409, Manila"
"Barangay 41, Manila"
"Barangay 410, Manila"
"Barangay 411, Manila"
"Barangay 412, Manila"
"Barangay 413, Manila"
"Barangay 414, Manila"
"Barangay 415, Manila"
"Barangay 416, Manila"
"Barangay 417, Manila"
"Barangay 418, Manila"
"Barangay 419, Manila"
"Barangay 42, Manila"
"Barangay 420, Manila"
"Barangay 421, Manila"
"Barangay 422, Manila"
"Barangay 423, Manila"
"Barangay 424, Manila"
"Barangay 425, Manila"
"Barangay 426, Manila"
"Barangay 427, Manila"
"Barangay 428, Manila"
"Barangay 429, Manila"
"Barangay 43, Manila"
"Barangay 430, Manila"
"Barangay 431, Manila"
"Barangay 432, Manila"
"Barangay 433, Manila"
"Barangay 434, Manila"
"Barangay 435, Manila"
"Barangay 436, Manila"
"Barangay 437, Manila"
"Barangay 438, Manila"
"Barangay 439, Manila"
"Barangay 44, Manila"
"Barangay 440, Manila"
"Barangay 441, Manila"
"Barangay 442, Manila"
"Barangay 443, Manila"
"Barangay 444, Manila"
"Barangay 445, Manila"
"Barangay 446, Manila"
"Barangay 447, Manila"
"Barangay 448, Manila"
"Barangay 449, Manila"
"Barangay 45, Manila"
"Barangay 450, Manila"
"Barangay 451, Manila"
"Barangay 452, Manila"
"Barangay 453, Manila"
"Barangay 454, Manila"
"Barangay 455, Manila"
"Barangay 456, Manila"
"Barangay 457, Manila"
"Barangay 458, Manila"
"Barangay 459, Manila"
"Barangay 46, Manila"
"Barangay 460, Manila"
"Barangay 461, Manila"
"Barangay 462, Manila"
"Barangay 463, Manila"
"Barangay 464, Manila"
"Barangay 465, Manila"
"Barangay 466, Manila"
"Barangay 467, Manila"
"Barangay 468, Manila"
"Barangay 469, Manila"
"Barangay 47, Manila"
"Barangay 470, Manila"
"Barangay 471, Manila"
"Barangay 472, Manila"
"Barangay 473, Manila"
"Barangay 474, Manila"
"Barangay 475, Manila"
"Barangay 476, Manila"
"Barangay 477, Manila"
"Barangay 478, Manila"
"Barangay 479, Manila"
"Barangay 48, Manila"
"Barangay 480, Manila"
"Barangay 481, Manila"
"Barangay 482, Manila"
"Barangay 483, Manila"
"Barangay 484, Manila"
"Barangay 485, Manila"
"Barangay 486, Manila"
"Barangay 487, Manila"
"Barangay 488, Manila"
"Barangay 489, Manila"
"Barangay 49, Manila"
"Barangay 490, Manila"
"Barangay 491, Manila"
"Barangay 492, Manila"
"Barangay 493, Manila"
"Barangay 494, Manila"
"Barangay 495, Manila"
"Barangay 496, Manila"
"Barangay 497, Manila"
"Barangay 498, Manila"
"Barangay 499, Manila"
"Barangay 5, Manila"
"Barangay 50, Manila"
"Barangay 500, Manila"
"Barangay 501, Manila"
"Barangay 502, Manila"
"Barangay 503, Manila"
"Barangay 504, Manila"
"Barangay 505, Manila"
"Barangay 506, Manila"
"Barangay 507, Manila"
"Barangay 508, Manila"
"Barangay 509, Manila"
"Barangay 51, Manila"
"Barangay 510, Manila"
"Barangay 511, Manila"
"Barangay 512, Manila"
"Barangay 513, Manila"
"Barangay 514, Manila"
"Barangay 515, Manila"
"Barangay 516, Manila"
"Barangay 517, Manila"
"Barangay 518, Manila"
"Barangay 519, Manila"
"Barangay 52, Manila"
"Barangay 520, Manila"
"Barangay 521, Manila"
"Barangay 522, Manila"
"Barangay 523, Manila"
"Barangay 524, Manila"
"Barangay 525, Manila"
"Barangay 526, Manila"
"Barangay 527, Manila"
"Barangay 528, Manila"
"Barangay 529, Manila"
"Barangay 53, Manila"
"Barangay 530, Manila"
"Barangay 531, Manila"
"Barangay 532, Manila"
"Barangay 533, Manila"
"Barangay 534, Manila"
"Barangay 535, Manila"
"Barangay 536, Manila"
"Barangay 537, Manila"
"Barangay 538, Manila"
"Barangay 539, Manila"
"Barangay 54, Manila"
"Barangay 540, Manila"
"Barangay 541, Manila"
"Barangay 542, Manila"
"Barangay 543, Manila"
"Barangay 544, Manila"
"Barangay 545, Manila"
"Barangay 546, Manila"
"Barangay 547, Manila"
"Barangay 548, Manila"
"Barangay 549, Manila"
"Barangay 55, Manila"
"Barangay 550, Manila"
"Barangay 551, Manila"
"Barangay 552, Manila"
"Barangay 553, Manila"
"Barangay 554, Manila"
"Barangay 555, Manila"
"Barangay 556, Manila"
"Barangay 557, Manila"
"Barangay 558, Manila"
"Barangay 559, Manila"
"Barangay 56, Manila"
"Barangay 560, Manila"
"Barangay 561, Manila"
"Barangay 562, Manila"
"Barangay 563, Manila"
"Barangay 564, Manila"
"Barangay 565, Manila"
"Barangay 566, Manila"
"Barangay 567, Manila"
"Barangay 568, Manila"
"Barangay 569, Manila"
"Barangay 57, Manila"
"Barangay 570, Manila"
"Barangay 571, Manila"
"Barangay 572, Manila"
"Barangay 573, Manila"
"Barangay 574, Manila"
"Barangay 575, Manila"
"Barangay 576, Manila"
"Barangay 577, Manila"
"Barangay 578, Manila"
"Barangay 579, Manila"
"Barangay 58, Manila"
"Barangay 580, Manila"
"Barangay 581, Manila"
"Barangay 582, Manila"
"Barangay 583, Manila"
"Barangay 584, Manila"
"Barangay 585, Manila"
"Barangay 586, Manila"
"Barangay 587, Manila"
"Barangay 587-A, Manila"
"Barangay 588, Manila"
"Barangay 589, Manila"
"Barangay 59, Manila"
"Barangay 590, Manila"
"Barangay 591, Manila"
"Barangay 592, Manila"
"Barangay 593, Manila"
"Barangay 594, Manila"
"Barangay 595, Manila"
"Barangay 596, Manila"
"Barangay 597, Manila"
"Barangay 598, Manila"
"Barangay 599, Manila"
"Barangay 6, Manila"
"Barangay 60, Manila"
"Barangay 600, Manila"
"Barangay 601, Manila"
"Barangay 602, Manila"
"Barangay 603, Manila"
"Barangay 604, Manila"
"Barangay 605, Manila"
"Barangay 606, Manila"
"Barangay 607, Manila"
"Barangay 608, Manila"
"Barangay 609, Manila"
"Barangay 61, Manila"
"Barangay 610, Manila"
"Barangay 611, Manila"
"Barangay 612, Manila"
"Barangay 613, Manila"
"Barangay 614, Manila"
"Barangay 615, Manila"
"Barangay 616, Manila"
"Barangay 617, Manila"
"Barangay 618, Manila"
"Barangay 619, Manila"
"Barangay 62, Manila"
"Barangay 620, Manila"
"Barangay 621, Manila"
"Barangay 622, Manila"
"Barangay 623, Manila"
"Barangay 624, Manila"
"Barangay 625, Manila"
"Barangay 626, Manila"
"Barangay 627, Manila"
"Barangay 628, Manila"
"Barangay 629, Manila"
"Barangay 63, Manila"
"Barangay 630, Manila"
"Barangay 631, Manila"
"Barangay 632, Manila"
"Barangay 633, Manila"
"Barangay 634, Manila"
"Barangay 635, Manila"
"Barangay 636, Manila"
"Barangay 637, Manila"
"Barangay 638, Manila"
"Barangay 639, Manila"
"Barangay 64, Manila"
"Barangay 640, Manila"
"Barangay 641, Manila"
"Barangay 642, Manila"
"Barangay 643, Manila"
"Barangay 644, Manila"
"Barangay 645, Manila"
"Barangay 646, Manila"
"Barangay 647, Manila"
"Barangay 648, Manila"
"Barangay 649, Manila"
"Barangay 65, Manila"
"Barangay 650, Manila"
"Barangay 651, Manila"
"Barangay 652, Manila"
"Barangay 653, Manila"
"Barangay 654, Manila"
"Barangay 655, Manila"
"Barangay 656, Manila"
"Barangay 657, Manila"
"Barangay 658, Manila"
"Barangay 659, Manila"
"Barangay 659-A, Manila"
"Barangay 66, Manila"
"Barangay 660, Manila"
"Barangay 660-A, Manila"
"Barangay 661, Manila"
"Barangay 662, Manila"
"Barangay 663, Manila"
"Barangay 663-A, Manila"
"Barangay 664, Manila"
"Barangay 664-A, Manila"
"Barangay 666, Manila"
"Barangay 667, Manila"
"Barangay 668, Manila"
"Barangay 669, Manila"
"Barangay 67, Manila"
"Barangay 670, Manila"
"Barangay 671, Manila"
"Barangay 672, Manila"
"Barangay 673, Manila"
"Barangay 674, Manila"
"Barangay 675, Manila"
"Barangay 676, Manila"
"Barangay 677, Manila"
"Barangay 678, Manila"
"Barangay 679, Manila"
"Barangay 68, Manila"
"Barangay 680, Manila"
"Barangay 681, Manila"
"Barangay 682, Manila"
"Barangay 683, Manila"
"Barangay 684, Manila"
"Barangay 685, Manila"
"Barangay 686, Manila"
"Barangay 687, Manila"
"Barangay 688, Manila"
"Barangay 689, Manila"
"Barangay 69, Manila"
"Barangay 690, Manila"
"Barangay 691, Manila"
"Barangay 692, Manila"
"Barangay 693, Manila"
"Barangay 694, Manila"
"Barangay 695, Manila"
"Barangay 696, Manila"
"Barangay 697, Manila"
"Barangay 698, Manila"
"Barangay 699, Manila"
"Barangay 7, Manila"
"Barangay 70, Manila"
"Barangay 700, Manila"
"Barangay 701, Manila"
"Barangay 702, Manila"
"Barangay 703, Manila"
"Barangay 704, Manila"
"Barangay 705, Manila"
"Barangay 706, Manila"
"Barangay 707, Manila"
"Barangay 708, Manila"
"Barangay 709, Manila"
"Barangay 71, Manila"
"Barangay 710, Manila"
"Barangay 711, Manila"
"Barangay 712, Manila"
"Barangay 713, Manila"
"Barangay 714, Manila"
"Barangay 715, Manila"
"Barangay 716, Manila"
"Barangay 717, Manila"
"Barangay 718, Manila"
"Barangay 719, Manila"
"Barangay 72, Manila"
"Barangay 720, Manila"
"Barangay 721, Manila"
"Barangay 722, Manila"
"Barangay 723, Manila"
"Barangay 724, Manila"
"Barangay 725, Manila"
"Barangay 726, Manila"
"Barangay 727, Manila"
"Barangay 728, Manila"
"Barangay 729, Manila"
"Barangay 73, Manila"
"Barangay 730, Manila"
"Barangay 731, Manila"
"Barangay 732, Manila"
"Barangay 733, Manila"
"Barangay 734, Manila"
"Barangay 735, Manila"
"Barangay 736, Manila"
"Barangay 737, Manila"
"Barangay 738, Manila"
"Barangay 739, Manila"
"Barangay 74, Manila"
"Barangay 740, Manila"
"Barangay 741, Manila"
"Barangay 742, Manila"
"Barangay 743, Manila"
"Barangay 744, Manila"
"Barangay 745, Manila"
"Barangay 746, Manila"
"Barangay 747, Manila"
"Barangay 748, Manila"
"Barangay 749, Manila"
"Barangay 75, Manila"
"Barangay 750, Manila"
"Barangay 751, Manila"
"Barangay 752, Manila"
"Barangay 753, Manila"
"Barangay 754, Manila"
"Barangay 755, Manila"
"Barangay 756, Manila"
"Barangay 757, Manila"
"Barangay 758, Manila"
"Barangay 759, Manila"
"Barangay 76, Manila"
"Barangay 760, Manila"
"Barangay 761, Manila"
"Barangay 762, Manila"
"Barangay 763, Manila"
"Barangay 764, Manila"
"Barangay 765, Manila"
"Barangay 766, Manila"
"Barangay 767, Manila"
"Barangay 768, Manila"
"Barangay 769, Manila"
"Barangay 77, Manila"
"Barangay 770, Manila"
"Barangay 771, Manila"
"Barangay 772, Manila"
"Barangay 773, Manila"
"Barangay 774, Manila"
"Barangay 775, Manila"
"Barangay 776, Manila"
"Barangay 777, Manila"
"Barangay 778, Manila"
"Barangay 779, Manila"
"Barangay 78, Manila"
"Barangay 780, Manila"
"Barangay 781, Manila"
"Barangay 782, Manila"
"Barangay 783, Manila"
"Barangay 784, Manila"
"Barangay 785, Manila"
"Barangay 786, Manila"
"Barangay 787, Manila"
"Barangay 788, Manila"
"Barangay 789, Manila"
"Barangay 79, Manila"
"Barangay 790, Manila"
"Barangay 791, Manila"
"Barangay 792, Manila"
"Barangay 793, Manila"
"Barangay 794, Manila"
"Barangay 795, Manila"
"Barangay 796, Manila"
"Barangay 797, Manila"
"Barangay 798, Manila"
"Barangay 799, Manila"
"Barangay 8, Manila"
"Barangay 80, Manila"
"Barangay 800, Manila"
"Barangay 801, Manila"
"Barangay 802, Manila"
"Barangay 803, Manila"
"Barangay 804, Manila"
"Barangay 805, Manila"
"Barangay 806, Manila"
"Barangay 807, Manila"
"Barangay 808, Manila"
"Barangay 809, Manila"
"Barangay 81, Manila"
"Barangay 810, Manila"
"Barangay 811, Manila"
"Barangay 812, Manila"
"Barangay 813, Manila"
"Barangay 814, Manila"
"Barangay 815, Manila"
"Barangay 816, Manila"
"Barangay 817, Manila"
"Barangay 818, Manila"
"Barangay 818-A, Manila"
"Barangay 819, Manila"
"Barangay 82, Manila"
"Barangay 820, Manila"
"Barangay 821, Manila"
"Barangay 822, Manila"
"Barangay 823, Manila"
"Barangay 824, Manila"
"Barangay 825, Manila"
"Barangay 826, Manila"
"Barangay 827, Manila"
"Barangay 828, Manila"
"Barangay 829, Manila"
"Barangay 83, Manila"
"Barangay 830, Manila"
"Barangay 831, Manila"
"Barangay 832, Manila"
"Barangay 833, Manila"
"Barangay 834, Manila"
"Barangay 835, Manila"
"Barangay 836, Manila"
"Barangay 837, Manila"
"Barangay 838, Manila"
"Barangay 839, Manila"
"Barangay 84, Manila"
"Barangay 840, Manila"
"Barangay 841, Manila"
"Barangay 842, Manila"
"Barangay 843, Manila"
"Barangay 844, Manila"
"Barangay 845, Manila"
"Barangay 846, Manila"
"Barangay 847, Manila"
"Barangay 848, Manila"
"Barangay 849, Manila"
"Barangay 85, Manila"
"Barangay 850, Manila"
"Barangay 851, Manila"
"Barangay 852, Manila"
"Barangay 853, Manila"
"Barangay 855, Manila"
"Barangay 856, Manila"
"Barangay 857, Manila"
"Barangay 858, Manila"
"Barangay 859, Manila"
"Barangay 86, Manila"
"Barangay 860, Manila"
"Barangay 861, Manila"
"Barangay 862, Manila"
"Barangay 863, Manila"
"Barangay 864, Manila"
"Barangay 865, Manila"
"Barangay 866, Manila"
"Barangay 867, Manila"
"Barangay 868, Manila"
"Barangay 869, Manila"
"Barangay 87, Manila"
"Barangay 870, Manila"
"Barangay 871, Manila"
"Barangay 872, Manila"
"Barangay 873, Manila"
"Barangay 874, Manila"
"Barangay 875, Manila"
"Barangay 876, Manila"
"Barangay 877, Manila"
"Barangay 878, Manila"
"Barangay 879, Manila"
"Barangay 88, Manila"
"Barangay 880, Manila"
"Barangay 881, Manila"
"Barangay 882, Manila"
"Barangay 883, Manila"
"Barangay 884, Manila"
"Barangay 885, Manila"
"Barangay 886, Manila"
"Barangay 887, Manila"
"Barangay 888, Manila"
"Barangay 889, Manila"
"Barangay 89, Manila"
"Barangay 890, Manila"
"Barangay 891, Manila"
"Barangay 892, Manila"
"Barangay 893, Manila"
"Barangay 894, Manila"
"Barangay 895, Manila"
"Barangay 896, Manila"
"Barangay 897, Manila"
"Barangay 898, Manila"
"Barangay 899, Manila"
"Barangay 9, Manila"
"Barangay 90, Manila"
"Barangay 900, Manila"
"Barangay 901, Manila"
"Barangay 902, Manila"
"Barangay 903, Manila"
"Barangay 904, Manila"
"Barangay 905, Manila"
"Barangay 91, Manila"
"Barangay 92, Manila"
"Barangay 93, Manila"
"Barangay 94, Manila"
"Barangay 95, Manila"
"Barangay 96, Manila"
"Barangay 97, Manila"
"Barangay 98, Manila"
"Barangay 99, Manila"
"Barangka, Marikina"
"Calumpang, Marikina"
"Concepcion Dos, Marikina"
"Concepcion Uno, Marikina"
"Fortune, Marikina"
"Industrial Valley, Marikina"
"Jesus de La Peña, Marikina"
"Malanday, Marikina"
"Marikina Heights, Marikina"
"Nangka, Marikina"
"Parang, Marikina"
"San Roque, Marikina"
"Santa Elena, Marikina"
"Santo Niño, Marikina"
"Tañong, Marikina"
"Tumana, Marikina"
"Alabang, Muntinlupa"
"Bayanan, Muntinlupa"
"Buli, Muntinlupa"
"Cupang, Muntinlupa"
"New Alabang Village, Muntinlupa"
"Poblacion, Muntinlupa"
"Putatan, Muntinlupa"
"Sucat, Muntinlupa"
"Tunasan, Muntinlupa"
"Bagumbayan North, Navotas"
"Bagumbayan South, Navotas"
"Bangculasi, Navotas"
"Daanghari, Navotas"
"NBBS Dagat-dagatan, Navotas"
"NBBS Kaunlaran, Navotas"
"NBBS Proper, Navotas"
"Navotas East, Navotas"
"Navotas West, Navotas"
"North Bay Boulevard North, Navotas"
"San Jose, Navotas"
"San Rafael Village, Navotas"
"San Roque, Navotas"
"Sipac-Almacen, Navotas"
"Tangos North, Navotas"
"Tangos South, Navotas"
"Tanza 1, Navotas"
"Tanza 2, Navotas"
"B. F. Homes, Parañaque"
"Baclaran, Parañaque"
"Don Bosco, Parañaque"
"Don Galo, Parañaque"
"La Huerta, Parañaque"
"Marcelo Green Village, Parañaque"
"Merville, Parañaque"
"Moonwalk, Parañaque"
"San Antonio, Parañaque"
"San Dionisio, Parañaque"
"San Isidro, Parañaque"
"San Martin de Porres, Parañaque"
"Santo Niño, Parañaque"
"Sun Valley, Parañaque"
"Tambo, Parañaque"
"Vitalez, Parañaque"
"Barangay 1, Pasay"
"Barangay 10, Pasay"
"Barangay 100, Pasay"
"Barangay 101, Pasay"
"Barangay 102, Pasay"
"Barangay 103, Pasay"
"Barangay 104, Pasay"
"Barangay 105, Pasay"
"Barangay 106, Pasay"
"Barangay 107, Pasay"
"Barangay 108, Pasay"
"Barangay 109, Pasay"
"Barangay 11, Pasay"
"Barangay 110, Pasay"
"Barangay 111, Pasay"
"Barangay 112, Pasay"
"Barangay 113, Pasay"
"Barangay 114, Pasay"
"Barangay 115, Pasay"
"Barangay 116, Pasay"
"Barangay 117, Pasay"
"Barangay 118, Pasay"
"Barangay 119, Pasay"
"Barangay 12, Pasay"
"Barangay 120, Pasay"
"Barangay 121, Pasay"
"Barangay 122, Pasay"
"Barangay 123, Pasay"
"Barangay 124, Pasay"
"Barangay 125, Pasay"
"Barangay 126, Pasay"
"Barangay 127, Pasay"
"Barangay 128, Pasay"
"Barangay 129, Pasay"
"Barangay 13, Pasay"
"Barangay 130, Pasay"
"Barangay 131, Pasay"
"Barangay 132, Pasay"
"Barangay 133, Pasay"
"Barangay 134, Pasay"
"Barangay 135, Pasay"
"Barangay 136, Pasay"
"Barangay 137, Pasay"
"Barangay 138, Pasay"
"Barangay 139, Pasay"
"Barangay 14, Pasay"
"Barangay 140, Pasay"
"Barangay 141, Pasay"
"Barangay 142, Pasay"
"Barangay 143, Pasay"
"Barangay 144, Pasay"
"Barangay 145, Pasay"
"Barangay 146, Pasay"
"Barangay 147, Pasay"
"Barangay 148, Pasay"
"Barangay 149, Pasay"
"Barangay 15, Pasay"
"Barangay 150, Pasay"
"Barangay 151, Pasay"
"Barangay 152, Pasay"
"Barangay 153, Pasay"
"Barangay 154, Pasay"
"Barangay 155, Pasay"
"Barangay 156, Pasay"
"Barangay 157, Pasay"
"Barangay 158, Pasay"
"Barangay 159, Pasay"
"Barangay 16, Pasay"
"Barangay 160, Pasay"
"Barangay 161, Pasay"
"Barangay 162, Pasay"
"Barangay 163, Pasay"
"Barangay 164, Pasay"
"Barangay 165, Pasay"
"Barangay 166, Pasay"
"Barangay 167, Pasay"
"Barangay 168, Pasay"
"Barangay 169, Pasay"
"Barangay 17, Pasay"
"Barangay 170, Pasay"
"Barangay 171, Pasay"
"Barangay 172, Pasay"
"Barangay 173, Pasay"
"Barangay 174, Pasay"
"Barangay 175, Pasay"
"Barangay 176, Pasay"
"Barangay 177, Pasay"
"Barangay 178, Pasay"
"Barangay 179, Pasay"
"Barangay 18, Pasay"
"Barangay 180, Pasay"
"Barangay 181, Pasay"
"Barangay 182, Pasay"
"Barangay 183, Pasay"
"Barangay 184, Pasay"
"Barangay 185, Pasay"
"Barangay 186, Pasay"
"Barangay 187, Pasay"
"Barangay 188, Pasay"
"Barangay 189, Pasay"
"Barangay 19, Pasay"
"Barangay 190, Pasay"
"Barangay 191, Pasay"
"Barangay 192, Pasay"
"Barangay 193, Pasay"
"Barangay 194, Pasay"
"Barangay 195, Pasay"
"Barangay 196, Pasay"
"Barangay 197, Pasay"
"Barangay 198, Pasay"
"Barangay 199, Pasay"
"Barangay 2, Pasay"
"Barangay 20, Pasay"
"Barangay 200, Pasay"
"Barangay 201, Pasay"
"Barangay 21, Pasay"
"Barangay 22, Pasay"
"Barangay 23, Pasay"
"Barangay 24, Pasay"
"Barangay 25, Pasay"
"Barangay 26, Pasay"
"Barangay 27, Pasay"
"Barangay 28, Pasay"
"Barangay 29, Pasay"
"Barangay 3, Pasay"
"Barangay 30, Pasay"
"Barangay 31, Pasay"
"Barangay 32, Pasay"
"Barangay 33, Pasay"
"Barangay 34, Pasay"
"Barangay 35, Pasay"
"Barangay 36, Pasay"
"Barangay 37, Pasay"
"Barangay 38, Pasay"
"Barangay 39, Pasay"
"Barangay 4, Pasay"
"Barangay 40, Pasay"
"Barangay 41, Pasay"
"Barangay 42, Pasay"
"Barangay 43, Pasay"
"Barangay 44, Pasay"
"Barangay 45, Pasay"
"Barangay 46, Pasay"
"Barangay 47, Pasay"
"Barangay 48, Pasay"
"Barangay 49, Pasay"
"Barangay 5, Pasay"
"Barangay 50, Pasay"
"Barangay 51, Pasay"
"Barangay 52, Pasay"
"Barangay 53, Pasay"
"Barangay 54, Pasay"
"Barangay 55, Pasay"
"Barangay 56, Pasay"
"Barangay 57, Pasay"
"Barangay 58, Pasay"
"Barangay 59, Pasay"
"Barangay 6, Pasay"
"Barangay 60, Pasay"
"Barangay 61, Pasay"
"Barangay 62, Pasay"
"Barangay 63, Pasay"
"Barangay 64, Pasay"
"Barangay 65, Pasay"
"Barangay 66, Pasay"
"Barangay 67, Pasay"
"Barangay 68, Pasay"
"Barangay 69, Pasay"
"Barangay 7, Pasay"
"Barangay 70, Pasay"
"Barangay 71, Pasay"
"Barangay 72, Pasay"
"Barangay 73, Pasay"
"Barangay 74, Pasay"
"Barangay 75, Pasay"
"Barangay 76, Pasay"
"Barangay 77, Pasay"
"Barangay 78, Pasay"
"Barangay 79, Pasay"
"Barangay 8, Pasay"
"Barangay 80, Pasay"
"Barangay 81, Pasay"
"Barangay 82, Pasay"
"Barangay 83, Pasay"
"Barangay 84, Pasay"
"Barangay 85, Pasay"
"Barangay 86, Pasay"
"Barangay 87, Pasay"
"Barangay 88, Pasay"
"Barangay 89, Pasay"
"Barangay 9, Pasay"
"Barangay 90, Pasay"
"Barangay 91, Pasay"
"Barangay 92, Pasay"
"Barangay 93, Pasay"
"Barangay 94, Pasay"
"Barangay 95, Pasay"
"Barangay 96, Pasay"
"Barangay 97, Pasay"
"Barangay 98, Pasay"
"Barangay 99, Pasay"
"Bagong Ilog, Pasig"
"Bagong Katipunan, Pasig"
"Bambang, Pasig"
"Buting, Pasig"
"Caniogan, Pasig"
"Dela Paz, Pasig"
"Kalawaan, Pasig"
"Kapasigan, Pasig"
"Kapitolyo, Pasig"
"Malinao, Pasig"
"Manggahan, Pasig"
"Maybunga, Pasig"
"Oranbo, Pasig"
"Palatiw, Pasig"
"Pinagbuhatan, Pasig"
"Pineda, Pasig"
"Rosario, Pasig"
"Sagad, Pasig"
"San Antonio, Pasig"
"San Joaquin, Pasig"
"San Jose, Pasig"
"San Miguel, Pasig"
"San Nicolas, Pasig"
"Santa Cruz, Pasig"
"Santa Lucia, Pasig"
"Santa Rosa, Pasig"
"Santo Tomas, Pasig"
"Santolan, Pasig"
"Sumilang, Pasig"
"Ugong, Pasig"
"Aguho, Pateros"
"Magtanggol, Pateros"
"Martires del 96, Pateros"
"Poblacion, Pateros"
"San Pedro, Pateros"
"San Roque, Pateros"
"Santa Ana, Pateros"
"Santo Rosario-Kanluran, Pateros"
"Santo Rosario-Silangan, Pateros"
"Tabacalera, Pateros"
"Alicia, Quezon City"
"Amihan, Quezon City"
"Apolonio Samson, Quezon City"
"Aurora, Quezon City"
"Baesa, Quezon City"
"Bagbag, Quezon City"
"Bagong Lipunan ng Crame, Quezon City"
"Bagong Pag-asa, Quezon City"
"Bagong Silangan, Quezon City"
"Bagumbayan, Quezon City"
"Bagumbuhay, Quezon City"
"Bahay Toro, Quezon City"
"Balingasa, Quezon City"
"Balong Bato, Quezon City"
"Batasan Hills, Quezon City"
"Bayanihan, Quezon City"
"Blue Ridge A, Quezon City"
"Blue Ridge B, Quezon City"
"Botocan, Quezon City"
"Bungad, Quezon City"
"Camp Aguinaldo, Quezon City"
"Capri, Quezon City"
"Central, Quezon City"
"Claro, Quezon City"
"Commonwealth, Quezon City"
"Culiat, Quezon City"
"Damar, Quezon City"
"Damayan, Quezon City"
"Damayang Lagi, Quezon City"
"Del Monte, Quezon City"
"Dioquino Zobel, Quezon City"
"Don Manuel, Quezon City"
"Doña Imelda, Quezon City"
"Doña Josefa, Quezon City"
"Duyan-duyan, Quezon City"
"E. Rodriguez, Quezon City"
"East Kamias, Quezon City"
"Escopa I, Quezon City"
"Escopa II, Quezon City"
"Escopa III, Quezon City"
"Escopa IV, Quezon City"
"Fairview, Quezon City"
"Greater Lagro, Quezon City"
"Gulod, Quezon City"
"Holy Spirit, Quezon City"
"Horseshoe, Quezon City"
"Immaculate Concepcion, Quezon City"
"Kaligayahan, Quezon City"
"Kalusugan, Quezon City"
"Kamuning, Quezon City"
"Katipunan, Quezon City"
"Kaunlaran, Quezon City"
"Kristong Hari, Quezon City"
"Krus na Ligas, Quezon City"
"Laging Handa, Quezon City"
"Libis, Quezon City"
"Lourdes, Quezon City"
"Loyola Heights, Quezon City"
"Maharlika, Quezon City"
"Malaya, Quezon City"
"Mangga, Quezon City"
"Manresa, Quezon City"
"Mariana, Quezon City"
"Mariblo, Quezon City"
"Marilag, Quezon City"
"Masagana, Quezon City"
"Masambong, Quezon City"
"Matandang Balara, Quezon City"
"Milagrosa, Quezon City"
"N. S. Amoranto, Quezon City"
"Nagkaisang Nayon, Quezon City"
"Nayong Kanluran, Quezon City"
"New Era, Quezon City"
"North Fairview, Quezon City"
"Novaliches Proper, Quezon City"
"Obrero, Quezon City"
"Old Capitol Site, Quezon City"
"Paang Bundok, Quezon City"
"Pag-ibig sa Nayon, Quezon City"
"Paligsahan, Quezon City"
"Paltok, Quezon City"
"Pansol, Quezon City"
"Paraiso, Quezon City"
"Pasong Putik Proper, Quezon City"
"Pasong Tamo, Quezon City"
"Payatas, Quezon City"
"Phil-Am, Quezon City"
"Pinagkaisahan, Quezon City"
"Pinyahan, Quezon City"
"Project 6, Quezon City"
"Quirino 2-A, Quezon City"
"Quirino 2-B, Quezon City"
"Quirino 2-C, Quezon City"
"Quirino 3-A, Quezon City"
"Ramon Magsaysay, Quezon City"
"Roxas, Quezon City"
"Sacred Heart, Quezon City"
"Saint Ignatius, Quezon City"
"Saint Peter, Quezon City"
"Salvacion, Quezon City"
"San Agustin, Quezon City"
"San Antonio, Quezon City"
"San Bartolome, Quezon City"
"San Isidro, Quezon City"
"San Isidro Labrador, Quezon City"
"San Jose, Quezon City"
"San Martin de Porres, Quezon City"
"San Roque, Quezon City"
"San Vicente, Quezon City"
"Sangandaan, Quezon City"
"Santa Cruz, Quezon City"
"Santa Lucia, Quezon City"
"Santa Monica, Quezon City"
"Santa Teresita, Quezon City"
"Santo Cristo, Quezon City"
"Santo Domingo, Quezon City"
"Santo Niño, Quezon City"
"Santol, Quezon City"
"Sauyo, Quezon City"
"Sienna, Quezon City"
"Sikatuna Village, Quezon City"
"Silangan, Quezon City"
"Socorro, Quezon City"
"South Triangle, Quezon City"
"Tagumpay, Quezon City"
"Talayan, Quezon City"
"Talipapa, Quezon City"
"Tandang Sora, Quezon City"
"Tatalon, Quezon City"
"Teachers Village East, Quezon City"
"Teachers Village West, Quezon City"
"U.P. Campus, Quezon City"
"U.P. Village, Quezon City"
"Ugong Norte, Quezon City"
"Unang Sigaw, Quezon City"
"Valencia, Quezon City"
"Vasra, Quezon City"
"Veterans Village, Quezon City"
"Villa Maria Clara, Quezon City"
"West Kamias, Quezon City"
"West Triangle, Quezon City"
"White Plains, Quezon City"
"Addition Hills, San Juan"
"Balong-Bato, San Juan"
"Batis, San Juan"
"Corazon de Jesus, San Juan"
"Ermitaño, San Juan"
"Greenhills, San Juan"
"Halo-halo, San Juan"
"Isabelita, San Juan"
"Kabayanan, San Juan"
"Little Baguio, San Juan"
"Maytunas, San Juan"
"Onse, San Juan"
"Pasadeña, San Juan"
"Pedro Cruz, San Juan"
"Progreso, San Juan"
"Rivera, San Juan"
"Salapan, San Juan"
"San Perfecto, San Juan"
"Santa Lucia, San Juan"
"Tibagan, San Juan"
"West Crame, San Juan"
"Bagumbayan, Taguig"
"Bambang, Taguig"
"Calzada, Taguig"
"Central Bicutan, Taguig"
"Central Signal Village, Taguig"
"Fort Bonifacio, Taguig"
"Hagonoy, Taguig"
"Ibayo-Tipas, Taguig"
"Katuparan, Taguig"
"Ligid-Tipas, Taguig"
"Lower Bicutan, Taguig"
"Maharlika Village, Taguig"
"Napindan, Taguig"
"New Lower Bicutan, Taguig"
"North Daang Hari, Taguig"
"North Signal Village, Taguig"
"Palingon, Taguig"
"Pinagsama, Taguig"
"San Miguel, Taguig"
"Santa Ana, Taguig"
"South Daang Hari, Taguig"
"South Signal Village, Taguig"
"Tanyag, Taguig"
"Tuktukan, Taguig"
"Upper Bicutan, Taguig"
"Ususan, Taguig"
"Wawa, Taguig"
"Western Bicutan, Taguig"
"Arkong Bato, Valenzuela"
"Bagbaguin, Valenzuela"
"Balangkas, Valenzuela"
"Bignay, Valenzuela"
"Bisig, Valenzuela"
"Canumay East, Valenzuela"
"Canumay West, Valenzuela"
"Coloong, Valenzuela"
"Dalandanan, Valenzuela"
"Gen. T. de Leon, Valenzuela"
"Isla, Valenzuela"
"Karuhatan, Valenzuela"
"Lawang Bato, Valenzuela"
"Lingunan, Valenzuela"
"Mabolo, Valenzuela"
"Malanday, Valenzuela"
"Malinta, Valenzuela"
"Mapulang Lupa, Valenzuela"
"Marulas, Valenzuela"
"Maysan, Valenzuela"
"Palasan, Valenzuela"
"Parada, Valenzuela"
"Pariancillo Villa, Valenzuela"
"Paso de Blas, Valenzuela"
"Pasolo, Valenzuela"
"Poblacion, Valenzuela"
"Pulo, Valenzuela"
"Punturin, Valenzuela"
"Rincon, Valenzuela"
"Tagalag, Valenzuela"
"Ugong, Valenzuela"
"Viente Reales, Valenzuela"
"Wawang Pulo, Valenzuela"
